Time,Team,Operation,BuyVolume,SellVolume,EtfPosition,FuturePosition,EtfPrice,FuturePrice,TotalFees,AccountBalance,ProfitOrLoss,Status
0.0,Pfusch,Tick,0,0,0,0,,,0,0,0,OK
0.235,Pfusch,Tick,0,0,0,0,,,0,0,0,OK
0.5,Pfusch,Tick,0,0,0,0,,,0,0,0,OK
0.75,Pfusch,Tick,0,0,0,0,,,0,0,0,OK
0.969,Pfusch,Tick,0,0,0,0,147600,,0,0,0,OK
1.235,Pfusch,Tick,0,0,0,0,147600,147100,0,0,0,OK
1.5,Pfusch,Tick,0,0,0,0,147600,147100,0,0,0,OK
1.766,Pfusch,Tick,0,0,0,0,147600,147100,0,0,0,OK
1.954,Pfusch,Tick,0,0,0,0,147600,147100,0,0,0,OK
2.235,Pfusch,Tick,0,0,0,0,147600,146900,0,0,0,OK
2.485,Pfusch,Tick,0,0,0,0,146400,146900,0,0,0,OK
2.797,Pfusch,Tick,0,0,0,0,146400,146900,0,0,0,OK
2.954,Pfusch,Tick,0,0,0,0,146400,146900,0,0,0,OK
3.204,Pfusch,Tick,0,0,0,0,146400,146900,0,0,0,OK
3.5,Pfusch,Tick,0,0,0,0,147500,146900,0,0,0,OK
3.797,Pfusch,Tick,0,0,0,0,146300,146900,0,0,0,OK
4.016,Pfusch,Tick,0,0,0,0,146300,146900,0,0,0,OK
4.219,Pfusch,Tick,0,0,0,0,146300,146900,0,0,0,OK
4.516,Pfusch,Tick,0,0,0,0,146300,146900,0,0,0,OK
4.75,Pfusch,Tick,0,0,0,0,146300,146900,0,0,0,OK
4.969,Pfusch,Tick,0,0,0,0,146300,146900,0,0,0,OK
5.204,Pfusch,Tick,0,0,0,0,146300,146800,0,0,0,OK
5.516,Pfusch,Tick,0,0,0,0,146300,146800,0,0,0,OK
5.782,Pfusch,Tick,0,0,0,0,146300,146800,0,0,0,OK
6.0,Pfusch,Tick,0,0,0,0,146300,146800,0,0,0,OK
6.297,Pfusch,Tick,0,84,-84,84,147000,146800,2470,5930,-10870,OK
6.532,Pfusch,Tick,0,98,-98,98,147000,146800,2882,9718,-9882,OK
6.797,Pfusch,Tick,0,98,-98,98,147200,146700,2882,9718,-9882,OK
7.0,Pfusch,Tick,0,98,-98,98,147200,146900,2882,9718,-9882,OK
7.25,Pfusch,Tick,0,98,-98,98,147200,146900,2882,9718,-9882,OK
7.516,Pfusch,Tick,0,98,-98,98,147200,146900,2882,9718,-9882,OK
7.75,Pfusch,Tick,0,98,-98,98,147200,146900,2882,9718,-9882,OK
8.0,Pfusch,Tick,0,98,-98,98,147200,146900,2882,9718,-9882,OK
8.204,Pfusch,Tick,0,98,-98,98,146300,146900,2882,9718,29318,OK
8.5,Pfusch,Tick,0,98,-98,98,146300,146900,2882,9718,29318,OK
8.782,Pfusch,Tick,0,98,-98,98,146300,146900,2882,9718,29318,OK
9.0,Pfusch,Tick,0,98,-98,98,146700,146900,2882,9718,29318,OK
9.297,Pfusch,Tick,129,98,31,-31,146400,146900,6659,44641,38441,OK
9.516,Pfusch,Tick,129,98,31,-31,146400,146900,6659,44641,38441,OK
9.797,Pfusch,Tick,129,98,31,-31,146400,146900,6659,44641,38441,OK
10.032,Pfusch,Tick,129,98,31,-31,146400,146900,6659,44641,38441,OK
10.219,Pfusch,Tick,129,98,31,-31,146400,146900,6659,44641,38441,OK
10.469,Pfusch,Tick,129,98,31,-31,146400,146900,6659,44641,38441,OK
10.766,Pfusch,Tick,129,98,31,-31,146200,147000,6659,44641,38441,OK
11.032,Pfusch,Tick,129,98,31,-31,147300,147000,6659,44641,50841,OK
11.297,Pfusch,Tick,129,98,31,-31,147300,147000,6659,44641,50841,OK
11.454,Pfusch,Tick,129,98,31,-31,147300,147000,6659,44641,50841,OK
11.75,Pfusch,Tick,129,98,31,-31,147300,147200,6659,44641,47741,OK
11.969,Pfusch,Tick,129,98,31,-31,147400,147200,6659,44641,50841,OK
12.204,Pfusch,Tick,129,98,31,-31,147400,147200,6659,44641,50841,OK
12.547,Pfusch,Tick,129,98,31,-31,147400,147200,6659,44641,50841,OK
12.75,Pfusch,Tick,129,98,31,-31,147400,147200,6659,44641,50841,OK
13.047,Pfusch,Tick,129,98,31,-31,147400,147200,6659,44641,50841,OK
13.282,Pfusch,Tick,129,98,31,-31,146600,147200,6659,44641,38441,OK
13.485,Pfusch,Tick,129,98,31,-31,146600,147200,6659,44641,38441,OK
13.704,Pfusch,Tick,129,98,31,-31,146600,147200,6659,44641,38441,OK
14.063,Pfusch,Tick,129,98,31,-31,146600,147200,6659,44641,38441,OK
14.219,Pfusch,Tick,129,98,31,-31,146600,147200,6659,44641,38441,OK
14.516,Pfusch,Tick,129,98,31,-31,146600,147200,6659,44641,38441,OK
14.766,Pfusch,Tick,129,98,31,-31,146600,147200,6659,44641,38441,OK
14.954,Pfusch,Tick,129,98,31,-31,146600,147200,6659,44641,38441,OK
15.204,Pfusch,Tick,149,98,51,-51,146900,147200,7247,46053,35853,OK
15.485,Pfusch,Tick,149,98,51,-51,146900,146800,7247,46053,51153,OK
15.735,Pfusch,Tick,149,98,51,-51,146900,146800,7247,46053,51153,OK
15.969,Pfusch,Tick,149,98,51,-51,146900,146900,7247,46053,46053,OK
16.25,Pfusch,Tick,149,98,51,-51,146900,146900,7247,46053,46053,OK
16.5,Pfusch,Tick,149,98,51,-51,146900,146900,7247,46053,46053,OK
16.75,Pfusch,Tick,149,98,51,-51,146900,146900,7247,46053,46053,OK
17.032,Pfusch,Tick,149,98,51,-51,146900,146900,7247,46053,46053,OK
17.25,Pfusch,Tick,149,98,51,-51,146900,146900,7247,46053,46053,OK
17.516,Pfusch,Tick,149,98,51,-51,146900,146900,7247,46053,46053,OK
17.782,Pfusch,Tick,173,98,75,-75,146900,146900,7952,47748,47748,OK
18.047,Pfusch,Tick,173,98,75,-75,146600,146900,7952,47748,32748,OK
18.25,Pfusch,Tick,173,98,75,-75,146600,146900,7952,47748,32748,OK
18.469,Pfusch,Tick,173,98,75,-75,146600,147100,7952,47748,32748,OK
18.719,Pfusch,Tick,173,98,75,-75,146600,147100,7952,47748,32748,OK
18.969,Pfusch,Tick,173,98,75,-75,146600,147100,7952,47748,32748,OK
19.204,Pfusch,Tick,173,98,75,-75,146600,147100,7952,47748,32748,OK
19.485,Pfusch,Tick,173,98,75,-75,146600,147200,7952,47748,32748,OK
19.735,Pfusch,Tick,198,98,100,-100,147000,147200,8687,49513,29513,OK
19.985,Pfusch,Tick,198,98,100,-100,147000,147200,8687,49513,29513,OK
20.25,Pfusch,Tick,198,98,100,-100,147000,147200,8687,49513,29513,OK
20.469,Pfusch,Tick,198,98,100,-100,147000,147900,8687,49513,29513,OK
20.719,Pfusch,Tick,198,98,100,-100,147200,147900,8687,49513,29513,OK
20.969,Pfusch,Tick,198,98,100,-100,147500,147900,8687,49513,29513,OK
21.25,Pfusch,Tick,198,98,100,-100,147500,147900,8687,49513,29513,OK
21.485,Pfusch,Tick,198,98,100,-100,147500,147900,8687,49513,29513,OK
21.797,Pfusch,Tick,198,98,100,-100,147500,147900,8687,49513,29513,OK
21.954,Pfusch,Tick,198,98,100,-100,147500,148000,8687,49513,29513,OK
22.297,Pfusch,Tick,198,98,100,-100,147500,148000,8687,49513,29513,OK
22.5,Pfusch,Tick,198,98,100,-100,147500,148100,8687,49513,29513,OK
22.735,Pfusch,Tick,198,98,100,-100,147500,148200,8687,49513,29513,OK
23.016,Pfusch,Tick,198,98,100,-100,147500,148000,8687,49513,29513,OK
23.266,Pfusch,Tick,198,98,100,-100,147500,148000,8687,49513,29513,OK
23.454,Pfusch,Tick,198,98,100,-100,147500,147700,8687,49513,29513,OK
23.797,Pfusch,Tick,198,98,100,-100,147500,147700,8687,49513,29513,OK
23.985,Pfusch,Tick,198,98,100,-100,147600,147700,8687,49513,39513,OK
24.266,Pfusch,Tick,198,98,100,-100,147600,147700,8687,49513,39513,OK
24.5,Pfusch,Tick,198,98,100,-100,147600,147700,8687,49513,39513,OK
24.766,Pfusch,Tick,198,98,100,-100,147600,147700,8687,49513,39513,OK
24.969,Pfusch,Tick,198,98,100,-100,147600,148100,8687,49513,29513,OK
25.266,Pfusch,Tick,198,98,100,-100,147700,148200,8687,49513,29513,OK
25.532,Pfusch,Tick,198,98,100,-100,147700,147900,8687,49513,29513,OK
25.797,Pfusch,Tick,198,98,100,-100,147700,147900,8687,49513,29513,OK
25.985,Pfusch,Tick,198,98,100,-100,147700,147900,8687,49513,29513,OK
26.219,Pfusch,Tick,198,98,100,-100,147700,147900,8687,49513,29513,OK
26.547,Pfusch,Tick,198,98,100,-100,147400,147900,8687,49513,29513,OK
26.782,Pfusch,Tick,198,98,100,-100,147400,147900,8687,49513,29513,OK
27.016,Pfusch,Tick,198,98,100,-100,147400,147900,8687,49513,29513,OK
27.25,Pfusch,Tick,198,98,100,-100,147400,147900,8687,49513,29513,OK
27.532,Pfusch,Tick,198,98,100,-100,147400,147900,8687,49513,29513,OK
27.797,Pfusch,Tick,198,98,100,-100,147400,147800,8687,49513,29513,OK
28.016,Pfusch,Tick,198,98,100,-100,147200,147800,8687,49513,29513,OK
28.25,Pfusch,Tick,198,98,100,-100,147200,147800,8687,49513,29513,OK
28.5,Pfusch,Tick,198,98,100,-100,147700,147800,8687,49513,39513,OK
28.75,Pfusch,Tick,198,98,100,-100,147700,147600,8687,49513,59513,OK
28.985,Pfusch,Tick,198,98,100,-100,147700,147600,8687,49513,59513,OK
29.25,Pfusch,Tick,198,98,100,-100,147700,147600,8687,49513,59513,OK
29.469,Pfusch,Tick,198,98,100,-100,147700,147600,8687,49513,59513,OK
29.735,Pfusch,Tick,198,98,100,-100,147700,147600,8687,49513,59513,OK
30.0,Pfusch,Tick,198,98,100,-100,147700,147600,8687,49513,59513,OK
30.282,Pfusch,Tick,198,98,100,-100,147700,147600,8687,49513,59513,OK
30.532,Pfusch,Tick,198,98,100,-100,147700,147600,8687,49513,59513,OK
30.813,Pfusch,Tick,198,98,100,-100,147700,147400,8687,49513,69513,OK
31.032,Pfusch,Tick,198,98,100,-100,147700,147400,8687,49513,69513,OK
31.282,Pfusch,Tick,198,98,100,-100,147700,147400,8687,49513,69513,OK
31.454,Pfusch,Tick,198,98,100,-100,147000,147400,8687,49513,29513,OK
31.797,Pfusch,Tick,198,98,100,-100,147000,147400,8687,49513,29513,OK
32.016,Pfusch,Tick,198,98,100,-100,147000,147400,8687,49513,29513,OK
32.204,Pfusch,Tick,198,98,100,-100,147000,147400,8687,49513,29513,OK
32.547,Pfusch,Tick,198,98,100,-100,147000,147400,8687,49513,29513,OK
32.766,Pfusch,Tick,198,98,100,-100,147000,147600,8687,49513,29513,OK
32.954,Pfusch,Tick,198,98,100,-100,147000,147600,8687,49513,29513,OK
33.25,Pfusch,Tick,198,98,100,-100,147000,147600,8687,49513,29513,OK
33.5,Pfusch,Tick,198,98,100,-100,147000,147600,8687,49513,29513,OK
33.735,Pfusch,Tick,198,98,100,-100,146900,147600,8687,49513,29513,OK
34.016,Pfusch,Tick,198,98,100,-100,146900,147600,8687,49513,29513,OK
34.235,Pfusch,Tick,198,98,100,-100,146900,147200,8687,49513,29513,OK
34.438,Pfusch,Tick,198,98,100,-100,146900,147200,8687,49513,29513,OK
34.735,Pfusch,Tick,198,98,100,-100,146900,147200,8687,49513,29513,OK
35.016,Pfusch,Tick,198,98,100,-100,146900,147200,8687,49513,29513,OK
35.266,Pfusch,Tick,198,98,100,-100,146900,147300,8687,49513,29513,OK
35.547,Pfusch,Tick,198,98,100,-100,147100,147000,8687,49513,59513,OK
35.735,Pfusch,Tick,198,98,100,-100,147100,147000,8687,49513,59513,OK
36.016,Pfusch,Tick,198,98,100,-100,147100,147000,8687,49513,59513,OK
36.204,Pfusch,Tick,198,98,100,-100,147100,147000,8687,49513,59513,OK
36.532,Pfusch,Tick,198,98,100,-100,147100,147000,8687,49513,59513,OK
36.704,Pfusch,Tick,198,98,100,-100,147100,147000,8687,49513,59513,OK
37.016,Pfusch,Tick,198,98,100,-100,147100,147000,8687,49513,59513,OK
37.297,Pfusch,Tick,198,98,100,-100,147100,147000,8687,49513,59513,OK
37.5,Pfusch,Tick,198,98,100,-100,147100,147300,8687,49513,29513,OK
37.782,Pfusch,Tick,198,98,100,-100,147100,147300,8687,49513,29513,OK
37.969,Pfusch,Tick,198,98,100,-100,147100,147300,8687,49513,29513,OK
38.313,Pfusch,Tick,198,98,100,-100,147100,147300,8687,49513,29513,OK
38.516,Pfusch,Tick,198,98,100,-100,147100,147300,8687,49513,29513,OK
38.719,Pfusch,Tick,198,98,100,-100,147100,147300,8687,49513,29513,OK
38.954,Pfusch,Tick,198,98,100,-100,147100,147300,8687,49513,29513,OK
39.25,Pfusch,Tick,198,98,100,-100,147500,147300,8687,49513,69513,OK
39.547,Pfusch,Tick,198,98,100,-100,147700,147300,8687,49513,69513,OK
39.766,Pfusch,Tick,198,98,100,-100,147700,147300,8687,49513,69513,OK
40.0,Pfusch,Tick,198,98,100,-100,147700,147300,8687,49513,69513,OK
40.282,Pfusch,Tick,198,98,100,-100,147700,147300,8687,49513,69513,OK
40.547,Pfusch,Tick,198,98,100,-100,147800,147300,8687,49513,69513,OK
40.735,Pfusch,Tick,198,98,100,-100,147800,147300,8687,49513,69513,OK
41.047,Pfusch,Tick,198,98,100,-100,147800,147300,8687,49513,69513,OK
41.282,Pfusch,Tick,198,98,100,-100,147800,147300,8687,49513,69513,OK
41.5,Pfusch,Tick,198,98,100,-100,147800,147300,8687,49513,69513,OK
41.797,Pfusch,Tick,198,98,100,-100,147800,147300,8687,49513,69513,OK
41.985,Pfusch,Tick,198,98,100,-100,147800,147300,8687,49513,69513,OK
42.204,Pfusch,Tick,198,98,100,-100,147700,147200,8687,49513,69513,OK
42.516,Pfusch,Tick,198,98,100,-100,147700,147200,8687,49513,69513,OK
42.766,Pfusch,Tick,198,98,100,-100,147700,147200,8687,49513,69513,OK
43.047,Pfusch,Tick,198,98,100,-100,147700,147200,8687,49513,69513,OK
43.282,Pfusch,Tick,198,98,100,-100,147700,147200,8687,49513,69513,OK
43.454,Pfusch,Tick,198,98,100,-100,147700,147200,8687,49513,69513,OK
43.75,Pfusch,Tick,198,98,100,-100,147700,147400,8687,49513,69513,OK
43.954,Pfusch,Tick,198,98,100,-100,147700,147400,8687,49513,69513,OK
44.25,Pfusch,Tick,198,98,100,-100,147700,147400,8687,49513,69513,OK
44.532,Pfusch,Tick,198,98,100,-100,147700,147400,8687,49513,69513,OK
44.704,Pfusch,Tick,198,98,100,-100,147700,147400,8687,49513,69513,OK
45.016,Pfusch,Tick,198,98,100,-100,147700,147400,8687,49513,69513,OK
45.235,Pfusch,Tick,198,98,100,-100,147700,147500,8687,49513,69513,OK
45.5,Pfusch,Tick,198,98,100,-100,147700,147500,8687,49513,69513,OK
45.797,Pfusch,Tick,198,116,82,-82,147400,147500,9218,50782,42582,OK
46.032,Pfusch,Tick,198,116,82,-82,147400,147500,9218,50782,42582,OK
46.204,Pfusch,Tick,198,116,82,-82,147400,147500,9218,50782,42582,OK
46.454,Pfusch,Tick,198,116,82,-82,147400,147500,9218,50782,42582,OK
46.766,Pfusch,Tick,198,116,82,-82,147400,147500,9218,50782,42582,OK
47.0,Pfusch,Tick,198,116,82,-82,147400,147500,9218,50782,42582,OK
47.25,Pfusch,Tick,198,116,82,-82,147400,147500,9218,50782,42582,OK
47.469,Pfusch,Tick,198,116,82,-82,147400,147500,9218,50782,42582,OK
47.797,Pfusch,Tick,198,116,82,-82,147700,147500,9218,50782,67182,OK
47.969,Pfusch,Tick,198,116,82,-82,147700,147500,9218,50782,67182,OK
48.282,Pfusch,Tick,198,116,82,-82,147100,147500,9218,50782,34382,OK
48.469,Pfusch,Tick,198,116,82,-82,147100,147500,9218,50782,34382,OK
48.735,Pfusch,Tick,198,116,82,-82,147100,147500,9218,50782,34382,OK
49.047,Pfusch,Tick,198,116,82,-82,147100,147500,9218,50782,34382,OK
49.266,Pfusch,Tick,198,116,82,-82,147100,147500,9218,50782,34382,OK
49.5,Pfusch,Tick,198,116,82,-82,147100,147500,9218,50782,34382,OK
49.704,Pfusch,Tick,198,116,82,-82,147100,147500,9218,50782,34382,OK
50.016,Pfusch,Tick,198,116,82,-82,147100,147500,9218,50782,34382,OK
50.204,Pfusch,Tick,198,116,82,-82,147100,147500,9218,50782,34382,OK
50.454,Pfusch,Tick,198,116,82,-82,147900,147500,9218,50782,67182,OK
50.75,Pfusch,Tick,198,116,82,-82,147900,147500,9218,50782,67182,OK
51.047,Pfusch,Tick,198,116,82,-82,147900,147500,9218,50782,67182,OK
51.25,Pfusch,Tick,198,116,82,-82,147900,147500,9218,50782,67182,OK
51.547,Pfusch,Tick,198,116,82,-82,147900,147500,9218,50782,67182,OK
51.735,Pfusch,Tick,198,116,82,-82,147900,147500,9218,50782,67182,OK
52.047,Pfusch,Tick,198,116,82,-82,147900,147300,9218,50782,67182,OK
52.219,Pfusch,Tick,198,116,82,-82,147900,147300,9218,50782,67182,OK
52.469,Pfusch,Tick,198,116,82,-82,147900,147300,9218,50782,67182,OK
52.735,Pfusch,Tick,198,116,82,-82,147900,147300,9218,50782,67182,OK
53.047,Pfusch,Tick,198,116,82,-82,147900,147300,9218,50782,67182,OK
53.25,Pfusch,Tick,198,116,82,-82,147900,147300,9218,50782,67182,OK
53.532,Pfusch,Tick,198,116,82,-82,147900,147300,9218,50782,67182,OK
53.782,Pfusch,Tick,198,116,82,-82,147900,147300,9218,50782,67182,OK
54.016,Pfusch,Tick,198,116,82,-82,147900,147300,9218,50782,67182,OK
54.204,Pfusch,Tick,198,116,82,-82,147900,147300,9218,50782,67182,OK
54.469,Pfusch,Tick,198,298,-100,100,147300,147200,14580,63620,53620,OK
54.766,Pfusch,Tick,198,298,-100,100,147300,147200,14580,63620,53620,OK
54.954,Pfusch,Tick,198,298,-100,100,147300,147200,14580,63620,53620,OK
55.204,Pfusch,Tick,198,298,-100,100,147300,147300,14580,63620,63620,OK
55.485,Pfusch,Tick,198,298,-100,100,147000,146900,14580,63620,53620,OK
55.75,Pfusch,Tick,198,298,-100,100,146800,146900,14580,63620,73620,OK
56.0,Pfusch,Tick,198,298,-100,100,146800,147100,14580,63620,83620,OK
56.266,Pfusch,Tick,198,298,-100,100,146800,147100,14580,63620,83620,OK
56.5,Pfusch,Tick,198,298,-100,100,146800,147100,14580,63620,83620,OK
56.735,Pfusch,Tick,198,298,-100,100,146800,147100,14580,63620,83620,OK
56.969,Pfusch,Tick,198,298,-100,100,146800,147100,14580,63620,83620,OK
57.219,Pfusch,Tick,198,298,-100,100,146800,147100,14580,63620,83620,OK
57.547,Pfusch,Tick,198,298,-100,100,146800,146800,14580,63620,63620,OK
57.704,Pfusch,Tick,198,298,-100,100,146800,146700,14580,63620,53620,OK
57.969,Pfusch,Tick,198,298,-100,100,146800,146600,14580,63620,43620,OK
58.25,Pfusch,Tick,198,298,-100,100,146800,146600,14580,63620,43620,OK
58.516,Pfusch,Tick,198,298,-100,100,146800,146700,14580,63620,53620,OK
58.75,Pfusch,Tick,198,298,-100,100,146800,146700,14580,63620,53620,OK
59.032,Pfusch,Tick,198,298,-100,100,146800,146700,14580,63620,53620,OK
59.235,Pfusch,Tick,198,298,-100,100,146800,146700,14580,63620,53620,OK
59.5,Pfusch,Tick,198,298,-100,100,146800,146500,14580,63620,43620,OK
59.782,Pfusch,Tick,198,298,-100,100,146800,146500,14580,63620,43620,OK
60.016,Pfusch,Tick,198,298,-100,100,146800,146500,14580,63620,43620,OK
60.297,Pfusch,Tick,198,298,-100,100,146800,146700,14580,63620,53620,OK
60.454,Pfusch,Tick,198,298,-100,100,146800,146700,14580,63620,53620,OK
60.797,Pfusch,Tick,198,298,-100,100,146800,146500,14580,63620,43620,OK
61.016,Pfusch,Tick,198,298,-100,100,146800,146500,14580,63620,43620,OK
61.235,Pfusch,Tick,198,298,-100,100,146800,146500,14580,63620,43620,OK
61.516,Pfusch,Tick,198,298,-100,100,146800,146500,14580,63620,43620,OK
61.735,Pfusch,Tick,198,298,-100,100,146800,146500,14580,63620,43620,OK
61.969,Pfusch,Tick,198,298,-100,100,146800,146500,14580,63620,43620,OK
62.204,Pfusch,Tick,198,298,-100,100,146800,146500,14580,63620,43620,OK
62.532,Pfusch,Tick,198,298,-100,100,146700,146300,14580,63620,43620,OK
62.766,Pfusch,Tick,198,298,-100,100,146700,146300,14580,63620,43620,OK
63.032,Pfusch,Tick,198,298,-100,100,146700,146300,14580,63620,43620,OK
63.25,Pfusch,Tick,198,298,-100,100,146700,146300,14580,63620,43620,OK
63.485,Pfusch,Tick,198,298,-100,100,146700,146300,14580,63620,43620,OK
63.782,Pfusch,Tick,198,298,-100,100,146700,146300,14580,63620,43620,OK
64.016,Pfusch,Tick,198,298,-100,100,146700,146300,14580,63620,43620,OK
64.219,Pfusch,Tick,198,298,-100,100,146700,146300,14580,63620,43620,OK
64.485,Pfusch,Tick,198,298,-100,100,146700,146300,14580,63620,43620,OK
64.782,Pfusch,Tick,198,298,-100,100,146700,146300,14580,63620,43620,OK
65.0,Pfusch,Tick,198,298,-100,100,146700,146300,14580,63620,43620,OK
65.25,Pfusch,Tick,198,298,-100,100,146700,146900,14580,63620,83620,OK
65.485,Pfusch,Tick,198,298,-100,100,146700,146900,14580,63620,83620,OK
65.75,Pfusch,Tick,198,298,-100,100,146700,146900,14580,63620,83620,OK
65.954,Pfusch,Tick,198,298,-100,100,146600,146900,14580,63620,83620,OK
66.25,Pfusch,Tick,198,298,-100,100,146600,146900,14580,63620,83620,OK
66.516,Pfusch,Tick,198,298,-100,100,147300,146900,14580,63620,43620,OK
66.719,Pfusch,Tick,198,298,-100,100,147300,146900,14580,63620,43620,OK
67.0,Pfusch,Tick,198,298,-100,100,146500,146900,14580,63620,83620,OK
67.266,Pfusch,Tick,198,298,-100,100,146500,146900,14580,63620,83620,OK
67.454,Pfusch,Tick,198,298,-100,100,146500,146900,14580,63620,83620,OK
67.813,Pfusch,Tick,198,298,-100,100,146500,146900,14580,63620,83620,OK
68.047,Pfusch,Tick,198,298,-100,100,146500,146900,14580,63620,83620,OK
68.25,Pfusch,Tick,198,298,-100,100,146900,146900,14580,63620,63620,OK
68.5,Pfusch,Tick,198,298,-100,100,146500,146900,14580,63620,83620,OK
68.75,Pfusch,Tick,198,298,-100,100,146500,147200,14580,63620,83620,OK
69.0,Pfusch,Tick,198,298,-100,100,146500,147200,14580,63620,83620,OK
69.204,Pfusch,Tick,198,298,-100,100,147500,147200,14580,63620,43620,OK
69.5,Pfusch,Tick,198,298,-100,100,147500,147200,14580,63620,43620,OK
69.719,Pfusch,Tick,198,298,-100,100,147500,147300,14580,63620,43620,OK
70.0,Pfusch,Tick,198,298,-100,100,147500,147300,14580,63620,43620,OK
70.204,Pfusch,Tick,198,298,-100,100,147500,147300,14580,63620,43620,OK
70.485,Pfusch,Tick,198,298,-100,100,147500,147300,14580,63620,43620,OK
70.704,Pfusch,Tick,198,298,-100,100,146400,147300,14580,63620,83620,OK
71.0,Pfusch,Tick,198,298,-100,100,146400,147300,14580,63620,83620,OK
71.25,Pfusch,Tick,198,298,-100,100,146400,147300,14580,63620,83620,OK
71.5,Pfusch,Tick,198,298,-100,100,146400,147300,14580,63620,83620,OK
71.766,Pfusch,Tick,198,298,-100,100,146400,147300,14580,63620,83620,OK
72.032,Pfusch,Tick,198,298,-100,100,146400,147300,14580,63620,83620,OK
72.204,Pfusch,Tick,198,298,-100,100,146400,147300,14580,63620,83620,OK
72.5,Pfusch,Tick,198,298,-100,100,147500,147300,14580,63620,43620,OK
72.719,Pfusch,Tick,198,298,-100,100,147500,147300,14580,63620,43620,OK
73.016,Pfusch,Tick,198,298,-100,100,147600,147300,14580,63620,43620,OK
73.25,Pfusch,Tick,198,298,-100,100,147600,147300,14580,63620,43620,OK
73.454,Pfusch,Tick,198,298,-100,100,147600,147200,14580,63620,43620,OK
73.735,Pfusch,Tick,198,298,-100,100,147600,147200,14580,63620,43620,OK
74.0,Pfusch,Tick,198,298,-100,100,147600,147200,14580,63620,43620,OK
74.266,Pfusch,Tick,198,298,-100,100,147600,147200,14580,63620,43620,OK
74.532,Pfusch,Tick,198,298,-100,100,147600,147200,14580,63620,43620,OK
74.766,Pfusch,Tick,198,298,-100,100,147600,147200,14580,63620,43620,OK
75.016,Pfusch,Tick,198,298,-100,100,147600,147200,14580,63620,43620,OK
75.235,Pfusch,Tick,198,298,-100,100,147600,147400,14580,63620,43620,OK
75.485,Pfusch,Tick,198,298,-100,100,147600,147400,14580,63620,43620,OK
75.813,Pfusch,Tick,198,298,-100,100,147600,147400,14580,63620,43620,OK
76.0,Pfusch,Tick,198,298,-100,100,147600,147400,14580,63620,43620,OK
76.235,Pfusch,Tick,198,298,-100,100,147600,147400,14580,63620,43620,OK
76.485,Pfusch,Tick,198,298,-100,100,147600,147500,14580,63620,53620,OK
76.75,Pfusch,Tick,198,298,-100,100,147600,147600,14580,63620,63620,OK
76.985,Pfusch,Tick,198,298,-100,100,147600,147600,14580,63620,63620,OK
77.219,Pfusch,Tick,198,298,-100,100,147600,147600,14580,63620,63620,OK
77.547,Pfusch,Tick,198,298,-100,100,147600,147600,14580,63620,63620,OK
77.782,Pfusch,Tick,198,298,-100,100,147500,147600,14580,63620,73620,OK
78.047,Pfusch,Tick,198,298,-100,100,147500,147600,14580,63620,73620,OK
78.235,Pfusch,Tick,198,298,-100,100,147500,147600,14580,63620,73620,OK
78.547,Pfusch,Tick,198,298,-100,100,147500,147600,14580,63620,73620,OK
78.75,Pfusch,Tick,198,298,-100,100,147500,147600,14580,63620,73620,OK
79.047,Pfusch,Tick,198,298,-100,100,147500,147600,14580,63620,73620,OK
79.282,Pfusch,Tick,199,298,-99,99,147400,147600,14609,63791,83591,OK
79.485,Pfusch,Tick,199,298,-99,99,147400,147600,14609,63791,83591,OK
79.719,Pfusch,Tick,256,298,-42,42,147600,148200,16292,73508,81908,OK
79.985,Pfusch,Tick,398,298,100,-100,148100,148400,20494,101806,81806,OK
80.219,Pfusch,Tick,398,298,100,-100,148100,148400,20494,101806,81806,OK
80.5,Pfusch,Tick,398,298,100,-100,148100,148400,20494,101806,81806,OK
80.797,Pfusch,Tick,398,298,100,-100,148100,148400,20494,101806,81806,OK
81.047,Pfusch,Tick,398,298,100,-100,148100,148400,20494,101806,81806,OK
81.235,Pfusch,Tick,398,298,100,-100,148100,148300,20494,101806,81806,OK
81.532,Pfusch,Tick,398,298,100,-100,148100,148400,20494,101806,81806,OK
81.704,Pfusch,Tick,398,298,100,-100,148100,148400,20494,101806,81806,OK
82.0,Pfusch,Tick,398,298,100,-100,148000,148400,20494,101806,81806,OK
82.204,Pfusch,Tick,398,298,100,-100,148000,148400,20494,101806,81806,OK
82.5,Pfusch,Tick,398,298,100,-100,148200,148800,20494,101806,81806,OK
82.797,Pfusch,Tick,398,298,100,-100,148200,148800,20494,101806,81806,OK
82.954,Pfusch,Tick,398,298,100,-100,148200,148800,20494,101806,81806,OK
83.25,Pfusch,Tick,398,298,100,-100,148300,148800,20494,101806,81806,OK
83.516,Pfusch,Tick,398,298,100,-100,148300,148800,20494,101806,81806,OK
83.735,Pfusch,Tick,398,298,100,-100,148300,148800,20494,101806,81806,OK
83.954,Pfusch,Tick,398,298,100,-100,148400,149000,20494,101806,81806,OK
84.25,Pfusch,Tick,398,298,100,-100,148400,149000,20494,101806,81806,OK
84.485,Pfusch,Tick,398,298,100,-100,148400,149000,20494,101806,81806,OK
84.719,Pfusch,Tick,398,298,100,-100,148400,149200,20494,101806,81806,OK
84.969,Pfusch,Tick,398,298,100,-100,148600,149200,20494,101806,81806,OK
85.297,Pfusch,Tick,398,298,100,-100,148600,149200,20494,101806,81806,OK
85.547,Pfusch,Tick,398,298,100,-100,148800,149200,20494,101806,81806,OK
85.782,Pfusch,Tick,398,298,100,-100,148800,149200,20494,101806,81806,OK
86.0,Pfusch,Tick,398,298,100,-100,148800,149600,20494,101806,81806,OK
86.235,Pfusch,Tick,398,298,100,-100,148900,149600,20494,101806,81806,OK
86.5,Pfusch,Tick,398,298,100,-100,148900,149600,20494,101806,81806,OK
86.766,Pfusch,Tick,398,298,100,-100,149600,149600,20494,101806,101806,OK
86.954,Pfusch,Tick,398,298,100,-100,149600,149600,20494,101806,101806,OK
87.235,Pfusch,Tick,398,298,100,-100,149600,149600,20494,101806,101806,OK
87.469,Pfusch,Tick,398,298,100,-100,149600,149700,20494,101806,91806,OK
87.735,Pfusch,Tick,398,298,100,-100,149600,149700,20494,101806,91806,OK
88.016,Pfusch,Tick,398,298,100,-100,149600,149500,20494,101806,111806,OK
88.266,Pfusch,Tick,398,298,100,-100,149600,149500,20494,101806,111806,OK
88.485,Pfusch,Tick,398,298,100,-100,149600,149500,20494,101806,111806,OK
88.75,Pfusch,Tick,398,298,100,-100,149600,149100,20494,101806,121806,OK
88.969,Pfusch,Tick,398,298,100,-100,149600,149100,20494,101806,121806,OK
89.313,Pfusch,Tick,398,298,100,-100,149600,149100,20494,101806,121806,OK
89.454,Pfusch,Tick,398,298,100,-100,149600,148900,20494,101806,121806,OK
89.75,Pfusch,Tick,398,298,100,-100,149600,148900,20494,101806,121806,OK
90.032,Pfusch,Tick,398,298,100,-100,149600,148900,20494,101806,121806,OK
90.235,Pfusch,Tick,398,298,100,-100,149600,148900,20494,101806,121806,OK
90.454,Pfusch,Tick,398,298,100,-100,149600,149100,20494,101806,121806,OK
90.704,Pfusch,Tick,398,298,100,-100,149600,149100,20494,101806,121806,OK
91.0,Pfusch,Tick,398,298,100,-100,149600,149100,20494,101806,121806,OK
91.204,Pfusch,Tick,398,323,75,-75,149400,149100,21241,108559,123559,OK
91.516,Pfusch,Tick,398,323,75,-75,149400,148900,21241,108559,123559,OK
91.782,Pfusch,Tick,398,323,75,-75,149600,148900,21241,108559,123559,OK
92.047,Pfusch,Tick,398,332,66,-66,149500,148900,21510,111890,125090,OK
92.297,Pfusch,Tick,398,332,66,-66,148500,148900,21510,111890,98690,OK
92.547,Pfusch,Tick,398,332,66,-66,148500,148900,21510,111890,98690,OK
92.782,Pfusch,Tick,398,332,66,-66,148500,148900,21510,111890,98690,OK
92.985,Pfusch,Tick,398,332,66,-66,148500,148900,21510,111890,98690,OK
93.297,Pfusch,Tick,398,332,66,-66,148500,149200,21510,111890,98690,OK
93.5,Pfusch,Tick,398,332,66,-66,148500,149200,21510,111890,98690,OK
93.766,Pfusch,Tick,398,332,66,-66,148500,149200,21510,111890,98690,OK
93.985,Pfusch,Tick,398,332,66,-66,148500,149200,21510,111890,98690,OK
94.25,Pfusch,Tick,398,332,66,-66,148500,149200,21510,111890,98690,OK
94.469,Pfusch,Tick,398,332,66,-66,148500,149200,21510,111890,98690,OK
94.797,Pfusch,Tick,398,332,66,-66,148500,149200,21510,111890,98690,OK
95.032,Pfusch,Tick,398,332,66,-66,148500,149200,21510,111890,98690,OK
95.25,Pfusch,Tick,398,332,66,-66,148500,149200,21510,111890,98690,OK
95.454,Pfusch,Tick,398,332,66,-66,148500,149200,21510,111890,98690,OK
95.75,Pfusch,Tick,398,332,66,-66,148500,149200,21510,111890,98690,OK
96.0,Pfusch,Tick,398,332,66,-66,148500,149200,21510,111890,98690,OK
96.266,Pfusch,Tick,398,332,66,-66,148500,149200,21510,111890,98690,OK
96.485,Pfusch,Tick,398,332,66,-66,148500,149200,21510,111890,98690,OK
96.782,Pfusch,Tick,398,332,66,-66,148500,149200,21510,111890,98690,OK
96.954,Pfusch,Tick,398,332,66,-66,148500,149200,21510,111890,98690,OK
97.204,Pfusch,Tick,398,332,66,-66,148500,149200,21510,111890,98690,OK
97.454,Pfusch,Tick,398,332,66,-66,149800,149600,21510,111890,125090,OK
97.75,Pfusch,Tick,398,332,66,-66,149800,149800,21510,111890,111890,OK
97.985,Pfusch,Tick,398,332,66,-66,149800,149800,21510,111890,111890,OK
98.204,Pfusch,Tick,398,332,66,-66,149800,149800,21510,111890,111890,OK
98.516,Pfusch,Tick,398,332,66,-66,149800,149800,21510,111890,111890,OK
98.782,Pfusch,Tick,398,332,66,-66,149800,149800,21510,111890,111890,OK
99.016,Pfusch,Tick,398,332,66,-66,149800,149900,21510,111890,105290,OK
99.297,Pfusch,Tick,420,332,88,-88,149800,150100,22169,113431,87031,OK
99.547,Pfusch,Tick,432,332,100,-100,149900,150000,22529,114271,104271,OK
99.766,Pfusch,Tick,432,332,100,-100,149900,150000,22529,114271,104271,OK
100.032,Pfusch,Tick,432,332,100,-100,150200,150000,22529,114271,134271,OK
100.266,Pfusch,Tick,432,332,100,-100,150200,149900,22529,114271,144271,OK
100.532,Pfusch,Tick,432,332,100,-100,150200,149900,22529,114271,144271,OK
100.797,Pfusch,Tick,432,332,100,-100,150200,149900,22529,114271,144271,OK
100.969,Pfusch,Tick,432,332,100,-100,150200,149900,22529,114271,144271,OK
101.25,Pfusch,Tick,432,332,100,-100,149400,149900,22529,114271,84271,OK
101.469,Pfusch,Tick,432,332,100,-100,149400,150100,22529,114271,84271,OK
101.704,Pfusch,Tick,432,332,100,-100,149400,150100,22529,114271,84271,OK
101.954,Pfusch,Tick,432,332,100,-100,149400,150100,22529,114271,84271,OK
102.204,Pfusch,Tick,432,332,100,-100,149400,150100,22529,114271,84271,OK
102.563,Pfusch,Tick,432,332,100,-100,149400,150100,22529,114271,84271,OK
102.797,Pfusch,Tick,432,332,100,-100,149400,150300,22529,114271,84271,OK
103.016,Pfusch,Tick,432,332,100,-100,149400,150300,22529,114271,84271,OK
103.297,Pfusch,Tick,432,332,100,-100,149400,150300,22529,114271,84271,OK
103.485,Pfusch,Tick,432,332,100,-100,149700,150300,22529,114271,84271,OK
103.719,Pfusch,Tick,432,332,100,-100,149700,150300,22529,114271,84271,OK
103.954,Pfusch,Tick,432,332,100,-100,149700,150400,22529,114271,84271,OK
104.297,Pfusch,Tick,432,332,100,-100,149700,150200,22529,114271,84271,OK
104.547,Pfusch,Tick,432,332,100,-100,149700,150200,22529,114271,84271,OK
104.797,Pfusch,Tick,432,332,100,-100,149700,150200,22529,114271,84271,OK
104.954,Pfusch,Tick,432,332,100,-100,149700,150200,22529,114271,84271,OK
105.219,Pfusch,Tick,432,332,100,-100,149700,150200,22529,114271,84271,OK
105.469,Pfusch,Tick,432,332,100,-100,149700,150200,22529,114271,84271,OK
105.797,Pfusch,Tick,432,332,100,-100,149700,150200,22529,114271,84271,OK
106.016,Pfusch,Tick,432,332,100,-100,149700,150300,22529,114271,84271,OK
106.297,Pfusch,Tick,432,332,100,-100,150000,150500,22529,114271,84271,OK
106.469,Pfusch,Tick,432,332,100,-100,150200,150500,22529,114271,84271,OK
106.766,Pfusch,Tick,432,332,100,-100,150200,150400,22529,114271,94271,OK
106.969,Pfusch,Tick,432,332,100,-100,150200,150300,22529,114271,104271,OK
107.25,Pfusch,Tick,432,332,100,-100,150200,150300,22529,114271,104271,OK
107.485,Pfusch,Tick,432,332,100,-100,150200,150400,22529,114271,94271,OK
107.75,Pfusch,Tick,432,332,100,-100,150200,150400,22529,114271,94271,OK
107.954,Pfusch,Tick,432,332,100,-100,150200,150400,22529,114271,94271,OK
108.25,Pfusch,Tick,432,332,100,-100,150200,150300,22529,114271,104271,OK
108.516,Pfusch,Tick,432,332,100,-100,150200,150100,22529,114271,124271,OK
108.75,Pfusch,Tick,432,332,100,-100,149600,150100,22529,114271,84271,OK
108.954,Pfusch,Tick,432,332,100,-100,149600,150100,22529,114271,84271,OK
109.25,Pfusch,Tick,432,332,100,-100,149600,150100,22529,114271,84271,OK
109.516,Pfusch,Tick,432,332,100,-100,149600,150100,22529,114271,84271,OK
109.766,Pfusch,Tick,432,332,100,-100,149600,150100,22529,114271,84271,OK
109.954,Pfusch,Tick,432,332,100,-100,149600,150100,22529,114271,84271,OK
110.266,Pfusch,Tick,432,332,100,-100,150200,150500,22529,114271,84271,OK
110.454,Pfusch,Tick,432,332,100,-100,150200,150500,22529,114271,84271,OK
110.75,Pfusch,Tick,432,332,100,-100,150200,150700,22529,114271,84271,OK
111.016,Pfusch,Tick,432,332,100,-100,150200,150600,22529,114271,84271,OK
111.25,Pfusch,Tick,432,332,100,-100,150200,150600,22529,114271,84271,OK
111.5,Pfusch,Tick,432,332,100,-100,150200,150600,22529,114271,84271,OK
111.719,Pfusch,Tick,432,332,100,-100,150100,150600,22529,114271,84271,OK
112.047,Pfusch,Tick,432,332,100,-100,150100,150600,22529,114271,84271,OK
112.219,Pfusch,Tick,432,332,100,-100,150100,150500,22529,114271,84271,OK
112.5,Pfusch,Tick,432,332,100,-100,150100,150400,22529,114271,84271,OK
112.719,Pfusch,Tick,432,332,100,-100,150100,150500,22529,114271,84271,OK
113.0,Pfusch,Tick,432,332,100,-100,150200,150700,22529,114271,84271,OK
113.282,Pfusch,Tick,432,332,100,-100,150200,150600,22529,114271,84271,OK
113.454,Pfusch,Tick,432,332,100,-100,150200,150500,22529,114271,84271,OK
113.719,Pfusch,Tick,432,332,100,-100,150200,150500,22529,114271,84271,OK
113.985,Pfusch,Tick,432,332,100,-100,150200,150500,22529,114271,84271,OK
114.266,Pfusch,Tick,432,332,100,-100,150500,150600,22529,114271,104271,OK
114.5,Pfusch,Tick,432,332,100,-100,150500,150500,22529,114271,114271,OK
114.719,Pfusch,Tick,432,332,100,-100,150500,150500,22529,114271,114271,OK
115.016,Pfusch,Tick,432,332,100,-100,150500,150900,22529,114271,84271,OK
115.204,Pfusch,Tick,432,332,100,-100,150500,150500,22529,114271,114271,OK
115.5,Pfusch,Tick,432,332,100,-100,150100,150500,22529,114271,84271,OK
115.766,Pfusch,Tick,432,332,100,-100,150100,150500,22529,114271,84271,OK
115.969,Pfusch,Tick,432,332,100,-100,150100,150400,22529,114271,84271,OK
116.282,Pfusch,Tick,432,332,100,-100,150600,150500,22529,114271,124271,OK
116.532,Pfusch,Tick,432,332,100,-100,150600,150800,22529,114271,94271,OK
116.766,Pfusch,Tick,432,332,100,-100,150600,150500,22529,114271,124271,OK
117.0,Pfusch,Tick,432,332,100,-100,150000,150500,22529,114271,84271,OK
117.235,Pfusch,Tick,432,332,100,-100,150000,150500,22529,114271,84271,OK
117.485,Pfusch,Tick,432,332,100,-100,150000,150300,22529,114271,84271,OK
117.75,Pfusch,Tick,432,332,100,-100,150000,150300,22529,114271,84271,OK
118.0,Pfusch,Tick,432,332,100,-100,150000,150300,22529,114271,84271,OK
118.266,Pfusch,Tick,432,332,100,-100,150000,150500,22529,114271,84271,OK
118.516,Pfusch,Tick,432,332,100,-100,150000,150500,22529,114271,84271,OK
118.75,Pfusch,Tick,432,332,100,-100,150000,150400,22529,114271,84271,OK
118.985,Pfusch,Tick,432,349,83,-83,150500,150300,23041,115459,132059,OK
119.297,Pfusch,Tick,449,349,100,-100,150200,150300,23552,116648,106648,OK
119.516,Pfusch,Tick,449,349,100,-100,150200,150200,23552,116648,116648,OK
119.704,Pfusch,Tick,449,349,100,-100,150200,150100,23552,116648,126648,OK
120.0,Pfusch,Tick,449,349,100,-100,150200,150100,23552,116648,126648,OK
120.266,Pfusch,Tick,449,349,100,-100,150200,150600,23552,116648,86648,OK
120.469,Pfusch,Tick,449,349,100,-100,150200,150600,23552,116648,86648,OK
120.766,Pfusch,Tick,449,349,100,-100,150200,150600,23552,116648,86648,OK
121.0,Pfusch,Tick,449,349,100,-100,150200,150600,23552,116648,86648,OK
121.25,Pfusch,Tick,449,349,100,-100,150000,150600,23552,116648,86648,OK
121.5,Pfusch,Tick,449,349,100,-100,150000,150600,23552,116648,86648,OK
121.797,Pfusch,Tick,449,349,100,-100,150000,150600,23552,116648,86648,OK
122.016,Pfusch,Tick,449,349,100,-100,150000,150600,23552,116648,86648,OK
122.297,Pfusch,Tick,449,349,100,-100,150100,150600,23552,116648,86648,OK
122.454,Pfusch,Tick,449,349,100,-100,150100,150500,23552,116648,86648,OK
122.704,Pfusch,Tick,449,349,100,-100,150100,150500,23552,116648,86648,OK
123.047,Pfusch,Tick,449,349,100,-100,150100,150500,23552,116648,86648,OK
123.219,Pfusch,Tick,449,349,100,-100,150100,150400,23552,116648,86648,OK
123.516,Pfusch,Tick,449,349,100,-100,150100,150400,23552,116648,86648,OK
123.719,Pfusch,Tick,449,349,100,-100,150400,150400,23552,116648,116648,OK
123.969,Pfusch,Tick,449,349,100,-100,150400,150400,23552,116648,116648,OK
124.266,Pfusch,Tick,449,349,100,-100,150600,150400,23552,116648,136648,OK
124.485,Pfusch,Tick,449,349,100,-100,150600,150400,23552,116648,136648,OK
124.75,Pfusch,Tick,449,349,100,-100,150600,150400,23552,116648,136648,OK
125.016,Pfusch,Tick,449,349,100,-100,150600,150400,23552,116648,136648,OK
125.297,Pfusch,Tick,449,349,100,-100,150600,150400,23552,116648,136648,OK
125.454,Pfusch,Tick,449,349,100,-100,150400,150400,23552,116648,116648,OK
125.735,Pfusch,Tick,449,349,100,-100,150400,150400,23552,116648,116648,OK
125.954,Pfusch,Tick,449,349,100,-100,150400,150700,23552,116648,86648,OK
126.235,Pfusch,Tick,449,349,100,-100,150400,150900,23552,116648,86648,OK
126.5,Pfusch,Tick,449,349,100,-100,150500,151200,23552,116648,86648,OK
126.766,Pfusch,Tick,449,349,100,-100,150500,151000,23552,116648,86648,OK
126.954,Pfusch,Tick,449,349,100,-100,150500,151000,23552,116648,86648,OK
127.297,Pfusch,Tick,449,349,100,-100,150500,151000,23552,116648,86648,OK
127.469,Pfusch,Tick,449,349,100,-100,150500,150700,23552,116648,96648,OK
127.704,Pfusch,Tick,449,349,100,-100,150500,150400,23552,116648,126648,OK
128.0,Pfusch,Tick,449,349,100,-100,150700,150300,23552,116648,146648,OK
128.204,Pfusch,Tick,449,399,50,-50,150400,150300,25056,120144,125144,OK
128.532,Pfusch,Tick,449,399,50,-50,150400,150200,25056,120144,130144,OK
128.735,Pfusch,Tick,449,399,50,-50,150400,150200,25056,120144,130144,OK
129.0,Pfusch,Tick,449,399,50,-50,150400,150200,25056,120144,130144,OK
129.297,Pfusch,Tick,449,399,50,-50,150400,150200,25056,120144,130144,OK
129.516,Pfusch,Tick,449,399,50,-50,151000,150400,25056,120144,135144,OK
129.766,Pfusch,Tick,449,399,50,-50,151000,150400,25056,120144,135144,OK
130.0,Pfusch,Tick,449,399,50,-50,151000,150400,25056,120144,135144,OK
130.25,Pfusch,Tick,449,399,50,-50,151000,150400,25056,120144,135144,OK
130.485,Pfusch,Tick,449,399,50,-50,151000,150400,25056,120144,135144,OK
130.719,Pfusch,Tick,449,399,50,-50,151000,150400,25056,120144,135144,OK
130.954,Pfusch,Tick,449,399,50,-50,151000,150400,25056,120144,135144,OK
131.297,Pfusch,Tick,449,399,50,-50,149800,150100,25056,120144,105144,OK
131.532,Pfusch,Tick,449,399,50,-50,149800,150100,25056,120144,105144,OK
131.75,Pfusch,Tick,449,399,50,-50,149800,150100,25056,120144,105144,OK
132.0,Pfusch,Tick,449,399,50,-50,150800,150100,25056,120144,135144,OK
132.266,Pfusch,Tick,449,399,50,-50,150800,149800,25056,120144,135144,OK
132.547,Pfusch,Tick,449,399,50,-50,150800,149800,25056,120144,135144,OK
132.813,Pfusch,Tick,449,425,24,-24,149800,149600,25835,124565,129365,OK
133.0,Pfusch,Tick,449,425,24,-24,149800,149600,25835,124565,129365,OK
133.266,Pfusch,Tick,449,425,24,-24,150200,149600,25835,124565,129365,OK
133.469,Pfusch,Tick,449,425,24,-24,150200,149600,25835,124565,129365,OK
133.75,Pfusch,Tick,449,425,24,-24,149000,149500,25835,124565,119765,OK
133.954,Pfusch,Tick,449,425,24,-24,149000,149600,25835,124565,119765,OK
134.282,Pfusch,Tick,449,425,24,-24,149000,149600,25835,124565,119765,OK
134.454,Pfusch,Tick,449,425,24,-24,149000,149700,25835,124565,119765,OK
134.766,Pfusch,Tick,449,425,24,-24,149000,149700,25835,124565,119765,OK
135.032,Pfusch,Tick,449,425,24,-24,149000,149800,25835,124565,117365,OK
135.219,Pfusch,Tick,449,425,24,-24,149200,149800,25835,124565,117365,OK
135.5,Pfusch,Tick,449,425,24,-24,150300,149800,25835,124565,131765,OK
135.797,Pfusch,Tick,469,425,44,-44,149300,149900,26432,133968,120768,OK
136.0,Pfusch,Tick,469,425,44,-44,149300,149900,26432,133968,120768,OK
136.266,Pfusch,Tick,469,425,44,-44,149300,149900,26432,133968,120768,OK
136.547,Pfusch,Tick,469,425,44,-44,149300,149900,26432,133968,120768,OK
136.75,Pfusch,Tick,469,425,44,-44,149300,149800,26432,133968,120768,OK
136.954,Pfusch,Tick,469,425,44,-44,149300,149600,26432,133968,125168,OK
137.25,Pfusch,Tick,469,425,44,-44,149300,149600,26432,133968,125168,OK
137.485,Pfusch,Tick,469,425,44,-44,149300,149600,26432,133968,125168,OK
137.75,Pfusch,Tick,469,425,44,-44,149300,149300,26432,133968,133968,OK
138.0,Pfusch,Tick,469,425,44,-44,149300,149300,26432,133968,133968,OK
138.282,Pfusch,Tick,469,425,44,-44,149300,149300,26432,133968,133968,OK
138.5,Pfusch,Tick,469,425,44,-44,149300,149300,26432,133968,133968,OK
138.735,Pfusch,Tick,469,425,44,-44,149300,149100,26432,133968,142768,OK
139.047,Pfusch,Tick,469,425,44,-44,149300,149100,26432,133968,142768,OK
139.219,Pfusch,Tick,469,425,44,-44,149300,149100,26432,133968,142768,OK
139.547,Pfusch,Tick,469,425,44,-44,149300,149300,26432,133968,133968,OK
139.704,Pfusch,Tick,469,425,44,-44,149300,149300,26432,133968,133968,OK
139.969,Pfusch,Tick,469,425,44,-44,149300,149300,26432,133968,133968,OK
140.25,Pfusch,Tick,469,425,44,-44,149300,149300,26432,133968,133968,OK
140.485,Pfusch,Tick,469,425,44,-44,149600,149300,26432,133968,142768,OK
140.735,Pfusch,Tick,469,432,37,-37,149900,149300,26642,134458,141858,OK
141.032,Pfusch,Tick,469,432,37,-37,149900,149300,26642,134458,141858,OK
141.282,Pfusch,Tick,469,432,37,-37,149900,149300,26642,134458,141858,OK
141.454,Pfusch,Tick,469,432,37,-37,149900,149300,26642,134458,141858,OK
141.782,Pfusch,Tick,469,432,37,-37,150200,149500,26642,134458,141858,OK
142.016,Pfusch,Tick,469,432,37,-37,150200,149500,26642,134458,141858,OK
142.204,Pfusch,Tick,469,432,37,-37,150200,149500,26642,134458,141858,OK
142.547,Pfusch,Tick,469,432,37,-37,150200,149500,26642,134458,141858,OK
142.797,Pfusch,Tick,469,432,37,-37,150200,149500,26642,134458,141858,OK
142.985,Pfusch,Tick,469,432,37,-37,150200,149500,26642,134458,141858,OK
143.297,Pfusch,Tick,469,432,37,-37,150200,149500,26642,134458,141858,OK
143.485,Pfusch,Tick,469,432,37,-37,150200,149700,26642,134458,141858,OK
143.735,Pfusch,Tick,469,432,37,-37,150200,149700,26642,134458,141858,OK
143.969,Pfusch,Tick,469,432,37,-37,149200,149700,26642,134458,127058,OK
144.204,Pfusch,Tick,469,432,37,-37,149200,149700,26642,134458,127058,OK
144.547,Pfusch,Tick,469,432,37,-37,149100,149700,26642,134458,127058,OK
144.797,Pfusch,Tick,469,432,37,-37,149100,149700,26642,134458,127058,OK
145.047,Pfusch,Tick,469,432,37,-37,149100,149700,26642,134458,127058,OK
145.266,Pfusch,Tick,469,432,37,-37,149100,149700,26642,134458,127058,OK
145.454,Pfusch,Tick,469,432,37,-37,149100,149700,26642,134458,127058,OK
145.782,Pfusch,Tick,469,432,37,-37,149100,149700,26642,134458,127058,OK
146.047,Pfusch,Tick,469,432,37,-37,149100,149700,26642,134458,127058,OK
146.25,Pfusch,Tick,469,432,37,-37,149100,149700,26642,134458,127058,OK
146.532,Pfusch,Tick,469,432,37,-37,149100,149500,26642,134458,127058,OK
146.766,Pfusch,Tick,469,432,37,-37,149100,149700,26642,134458,127058,OK
147.0,Pfusch,Tick,469,432,37,-37,149100,149700,26642,134458,127058,OK
147.297,Pfusch,Tick,469,432,37,-37,149100,149700,26642,134458,127058,OK
147.5,Pfusch,Tick,469,432,37,-37,149100,149600,26642,134458,127058,OK
147.75,Pfusch,Tick,469,432,37,-37,149100,149600,26642,134458,127058,OK
148.032,Pfusch,Tick,469,432,37,-37,149100,149600,26642,134458,127058,OK
148.204,Pfusch,Tick,469,432,37,-37,149100,149600,26642,134458,127058,OK
148.563,Pfusch,Tick,469,432,37,-37,149100,149600,26642,134458,127058,OK
148.766,Pfusch,Tick,469,432,37,-37,149100,149600,26642,134458,127058,OK
148.954,Pfusch,Tick,469,432,37,-37,149100,149600,26642,134458,127058,OK
149.266,Pfusch,Tick,469,432,37,-37,149100,149600,26642,134458,127058,OK
149.516,Pfusch,Tick,469,432,37,-37,150600,150100,26642,134458,145558,OK
149.797,Pfusch,Tick,469,432,37,-37,150600,150100,26642,134458,145558,OK
149.954,Pfusch,Tick,469,432,37,-37,150600,150100,26642,134458,145558,OK
150.25,Pfusch,Tick,469,432,37,-37,150600,150100,26642,134458,145558,OK
150.469,Pfusch,Tick,469,441,28,-28,149900,150100,26912,135788,130188,OK
150.766,Pfusch,Tick,469,441,28,-28,149900,150100,26912,135788,130188,OK
150.969,Pfusch,Tick,469,441,28,-28,149900,150100,26912,135788,130188,OK
151.235,Pfusch,Tick,469,441,28,-28,149900,150100,26912,135788,130188,OK
151.485,Pfusch,Tick,469,441,28,-28,149900,150100,26912,135788,130188,OK
151.75,Pfusch,Tick,469,441,28,-28,149900,150100,26912,135788,130188,OK
152.047,Pfusch,Tick,469,441,28,-28,149900,150100,26912,135788,130188,OK
152.266,Pfusch,Tick,469,441,28,-28,149900,150100,26912,135788,130188,OK
152.532,Pfusch,Tick,469,441,28,-28,149900,150100,26912,135788,130188,OK
152.797,Pfusch,Tick,469,441,28,-28,149900,150100,26912,135788,130188,OK
153.0,Pfusch,Tick,469,441,28,-28,150400,150100,26912,135788,144188,OK
153.219,Pfusch,Tick,469,441,28,-28,150400,149800,26912,135788,144188,OK
153.547,Pfusch,Tick,469,441,28,-28,150400,149800,26912,135788,144188,OK
153.75,Pfusch,Tick,469,441,28,-28,150400,150100,26912,135788,144188,OK
154.0,Pfusch,Tick,469,441,28,-28,150400,150100,26912,135788,144188,OK
154.266,Pfusch,Tick,469,441,28,-28,150400,150100,26912,135788,144188,OK
154.516,Pfusch,Tick,469,441,28,-28,150400,150100,26912,135788,144188,OK
154.75,Pfusch,Tick,469,441,28,-28,150400,150100,26912,135788,144188,OK
155.047,Pfusch,Tick,469,441,28,-28,150400,150100,26912,135788,144188,OK
155.297,Pfusch,Tick,469,441,28,-28,150400,150100,26912,135788,144188,OK
155.516,Pfusch,Tick,469,441,28,-28,150400,150300,26912,135788,138588,OK
155.766,Pfusch,Tick,469,441,28,-28,150400,150300,26912,135788,138588,OK
156.047,Pfusch,Tick,469,441,28,-28,150400,150300,26912,135788,138588,OK
156.235,Pfusch,Tick,469,441,28,-28,150400,150300,26912,135788,138588,OK
156.547,Pfusch,Tick,469,441,28,-28,150400,150300,26912,135788,138588,OK
156.719,Pfusch,Tick,469,441,28,-28,150400,150300,26912,135788,138588,OK
157.016,Pfusch,Tick,469,441,28,-28,150400,150300,26912,135788,138588,OK
157.204,Pfusch,Tick,469,441,28,-28,150600,150300,26912,135788,144188,OK
157.516,Pfusch,Tick,469,441,28,-28,150600,150300,26912,135788,144188,OK
157.797,Pfusch,Tick,469,441,28,-28,150600,150300,26912,135788,144188,OK
158.032,Pfusch,Tick,469,441,28,-28,150600,150300,26912,135788,144188,OK
158.266,Pfusch,Tick,469,441,28,-28,150600,150300,26912,135788,144188,OK
158.547,Pfusch,Tick,469,467,2,-2,150500,150300,27695,137605,138005,OK
158.75,Pfusch,Tick,477,467,10,-10,150200,150300,27935,138165,137165,OK
158.985,Pfusch,Tick,477,467,10,-10,150200,150400,27935,138165,136165,OK
159.297,Pfusch,Tick,477,467,10,-10,150600,150400,27935,138165,140165,OK
159.485,Pfusch,Tick,477,467,10,-10,150600,150400,27935,138165,140165,OK
159.766,Pfusch,Tick,477,467,10,-10,150600,150400,27935,138165,140165,OK
160.0,Pfusch,Tick,477,467,10,-10,150600,150400,27935,138165,140165,OK
160.297,Pfusch,Tick,477,467,10,-10,150600,150400,27935,138165,140165,OK
160.516,Pfusch,Tick,477,467,10,-10,150600,150400,27935,138165,140165,OK
160.704,Pfusch,Tick,477,467,10,-10,150600,150200,27935,138165,141165,OK
161.063,Pfusch,Tick,477,467,10,-10,150600,150200,27935,138165,141165,OK
161.235,Pfusch,Tick,477,467,10,-10,150600,150200,27935,138165,141165,OK
161.485,Pfusch,Tick,477,467,10,-10,150600,150200,27935,138165,141165,OK
161.782,Pfusch,Tick,477,467,10,-10,150600,150200,27935,138165,141165,OK
162.047,Pfusch,Tick,477,467,10,-10,150600,150200,27935,138165,141165,OK
162.266,Pfusch,Tick,477,467,10,-10,150800,150800,27935,138165,138165,OK
162.516,Pfusch,Tick,477,467,10,-10,150800,150800,27935,138165,138165,OK
162.75,Pfusch,Tick,477,467,10,-10,150800,150800,27935,138165,138165,OK
162.969,Pfusch,Tick,477,467,10,-10,150800,150700,27935,138165,139165,OK
163.266,Pfusch,Tick,477,467,10,-10,150800,150800,27935,138165,138165,OK
163.5,Pfusch,Tick,493,467,26,-26,150700,150800,28417,139283,136683,OK
163.75,Pfusch,Tick,493,467,26,-26,150700,150800,28417,139283,136683,OK
164.032,Pfusch,Tick,493,467,26,-26,150700,151000,28417,139283,131483,OK
164.219,Pfusch,Tick,493,467,26,-26,150700,151000,28417,139283,131483,OK
164.5,Pfusch,Tick,493,467,26,-26,150700,151000,28417,139283,131483,OK
164.797,Pfusch,Tick,493,467,26,-26,151000,150900,28417,139283,141883,OK
164.969,Pfusch,Tick,493,467,26,-26,151000,151000,28417,139283,139283,OK
165.297,Pfusch,Tick,493,467,26,-26,151400,151000,28417,139283,147083,OK
165.532,Pfusch,Tick,493,467,26,-26,151400,151000,28417,139283,147083,OK
165.782,Pfusch,Tick,493,467,26,-26,151400,151000,28417,139283,147083,OK
166.032,Pfusch,Tick,493,467,26,-26,151400,151000,28417,139283,147083,OK
166.297,Pfusch,Tick,493,467,26,-26,151400,151100,28417,139283,147083,OK
166.532,Pfusch,Tick,493,467,26,-26,151400,151100,28417,139283,147083,OK
166.766,Pfusch,Tick,493,467,26,-26,151400,151100,28417,139283,147083,OK
167.0,Pfusch,Tick,493,467,26,-26,151400,151100,28417,139283,147083,OK
167.219,Pfusch,Tick,493,467,26,-26,151400,151100,28417,139283,147083,OK
167.532,Pfusch,Tick,493,467,26,-26,151400,151100,28417,139283,147083,OK
167.797,Pfusch,Tick,493,467,26,-26,151500,151100,28417,139283,147083,OK
167.985,Pfusch,Tick,493,467,26,-26,151500,151100,28417,139283,147083,OK
168.297,Pfusch,Tick,493,467,26,-26,151500,151100,28417,139283,147083,OK
168.485,Pfusch,Tick,493,467,26,-26,151500,151100,28417,139283,147083,OK
168.782,Pfusch,Tick,493,467,26,-26,151500,151100,28417,139283,147083,OK
168.969,Pfusch,Tick,493,467,26,-26,151500,151100,28417,139283,147083,OK
169.25,Pfusch,Tick,493,467,26,-26,151100,150500,28417,139283,147083,OK
169.454,Pfusch,Tick,493,467,26,-26,151100,150500,28417,139283,147083,OK
169.75,Pfusch,Tick,493,467,26,-26,151100,150800,28417,139283,147083,OK
169.985,Pfusch,Tick,493,467,26,-26,151100,150700,28417,139283,147083,OK
170.204,Pfusch,Tick,493,467,26,-26,151100,150700,28417,139283,147083,OK
170.454,Pfusch,Tick,493,467,26,-26,151100,150700,28417,139283,147083,OK
170.719,Pfusch,Tick,493,467,26,-26,151100,150500,28417,139283,147083,OK
170.985,Pfusch,Tick,493,467,26,-26,151100,150500,28417,139283,147083,OK
171.219,Pfusch,Tick,493,467,26,-26,151100,150500,28417,139283,147083,OK
171.5,Pfusch,Tick,493,467,26,-26,150400,150500,28417,139283,136683,OK
171.75,Pfusch,Tick,493,467,26,-26,150400,150500,28417,139283,136683,OK
172.047,Pfusch,Tick,493,467,26,-26,151200,150500,28417,139283,147083,OK
172.282,Pfusch,Tick,493,467,26,-26,151200,150500,28417,139283,147083,OK
172.532,Pfusch,Tick,493,467,26,-26,151200,150500,28417,139283,147083,OK
172.735,Pfusch,Tick,493,467,26,-26,151000,150500,28417,139283,147083,OK
173.016,Pfusch,Tick,493,467,26,-26,151000,150500,28417,139283,147083,OK
173.297,Pfusch,Tick,493,467,26,-26,151000,150500,28417,139283,147083,OK
173.532,Pfusch,Tick,493,467,26,-26,151000,150500,28417,139283,147083,OK
173.75,Pfusch,Tick,493,467,26,-26,151000,150500,28417,139283,147083,OK
174.0,Pfusch,Tick,493,467,26,-26,151000,150500,28417,139283,147083,OK
174.219,Pfusch,Tick,493,467,26,-26,151000,150500,28417,139283,147083,OK
174.516,Pfusch,Tick,493,467,26,-26,151000,150500,28417,139283,147083,OK
174.704,Pfusch,Tick,493,467,26,-26,151000,150600,28417,139283,147083,OK
175.0,Pfusch,Tick,493,467,26,-26,151000,150600,28417,139283,147083,OK
175.297,Pfusch,Tick,493,467,26,-26,151000,150600,28417,139283,147083,OK
175.547,Pfusch,Tick,493,467,26,-26,150800,150600,28417,139283,144483,OK
175.704,Pfusch,Tick,493,467,26,-26,150800,150600,28417,139283,144483,OK
176.047,Pfusch,Tick,493,467,26,-26,150800,150600,28417,139283,144483,OK
176.204,Pfusch,Tick,493,467,26,-26,150800,150600,28417,139283,144483,OK
176.532,Pfusch,Tick,493,467,26,-26,150800,150600,28417,139283,144483,OK
176.735,Pfusch,Tick,493,467,26,-26,150800,150600,28417,139283,144483,OK
177.0,Pfusch,Tick,493,467,26,-26,150800,150600,28417,139283,144483,OK
177.204,Pfusch,Tick,493,467,26,-26,150800,150600,28417,139283,144483,OK
177.532,Pfusch,Tick,493,467,26,-26,151200,150600,28417,139283,147083,OK
177.782,Pfusch,Tick,493,467,26,-26,151200,150300,28417,139283,147083,OK
177.969,Pfusch,Tick,493,467,26,-26,151200,150300,28417,139283,147083,OK
178.266,Pfusch,Tick,493,467,26,-26,151200,150300,28417,139283,147083,OK
178.547,Pfusch,Tick,493,467,26,-26,151200,150200,28417,139283,147083,OK
178.75,Pfusch,Tick,493,573,-80,80,150400,150200,31605,167895,151895,OK
178.985,Pfusch,Tick,493,573,-80,80,150400,150200,31605,167895,151895,OK
179.25,Pfusch,Tick,493,573,-80,80,150400,150200,31605,167895,151895,OK
179.532,Pfusch,Tick,493,573,-80,80,150400,149900,31605,167895,143895,OK
179.797,Pfusch,Tick,493,593,-100,100,150100,149900,32205,171295,151295,OK
180.047,Pfusch,Tick,493,593,-100,100,150100,149900,32205,171295,151295,OK
180.282,Pfusch,Tick,493,593,-100,100,150000,149800,32205,171295,151295,OK
180.5,Pfusch,Tick,493,593,-100,100,150000,149800,32205,171295,151295,OK
180.782,Pfusch,Tick,493,593,-100,100,150000,149900,32205,171295,161295,OK
181.0,Pfusch,Tick,493,593,-100,100,150000,149900,32205,171295,161295,OK
181.25,Pfusch,Tick,493,593,-100,100,150000,149900,32205,171295,161295,OK
181.532,Pfusch,Tick,493,593,-100,100,149600,149900,32205,171295,201295,OK
181.782,Pfusch,Tick,493,593,-100,100,149600,149900,32205,171295,201295,OK
182.0,Pfusch,Tick,493,593,-100,100,149600,149900,32205,171295,201295,OK
182.282,Pfusch,Tick,493,593,-100,100,149600,149900,32205,171295,201295,OK
182.5,Pfusch,Tick,493,593,-100,100,149600,149900,32205,171295,201295,OK
182.75,Pfusch,Tick,493,593,-100,100,149600,149900,32205,171295,201295,OK
182.985,Pfusch,Tick,493,593,-100,100,149600,149900,32205,171295,201295,OK
183.297,Pfusch,Tick,493,593,-100,100,149600,149900,32205,171295,201295,OK
183.5,Pfusch,Tick,493,593,-100,100,149600,150000,32205,171295,201295,OK
183.766,Pfusch,Tick,493,593,-100,100,149600,150000,32205,171295,201295,OK
184.047,Pfusch,Tick,493,593,-100,100,149600,150000,32205,171295,201295,OK
184.266,Pfusch,Tick,493,593,-100,100,149600,149700,32205,171295,181295,OK
184.485,Pfusch,Tick,493,593,-100,100,149600,149700,32205,171295,181295,OK
184.766,Pfusch,Tick,493,593,-100,100,149700,149700,32205,171295,171295,OK
185.016,Pfusch,Tick,635,593,42,-42,149700,150000,36456,181244,168644,OK
185.297,Pfusch,Tick,635,593,42,-42,149700,150000,36456,181244,168644,OK
185.547,Pfusch,Tick,635,593,42,-42,149700,150000,36456,181244,168644,OK
185.75,Pfusch,Tick,635,593,42,-42,149700,150000,36456,181244,168644,OK
186.047,Pfusch,Tick,635,593,42,-42,149700,150000,36456,181244,168644,OK
186.204,Pfusch,Tick,635,593,42,-42,149700,149800,36456,181244,177044,OK
186.547,Pfusch,Tick,635,593,42,-42,149600,149800,36456,181244,172844,OK
186.782,Pfusch,Tick,635,593,42,-42,149600,149800,36456,181244,172844,OK
187.047,Pfusch,Tick,635,593,42,-42,149600,149800,36456,181244,172844,OK
187.266,Pfusch,Tick,635,593,42,-42,149600,149800,36456,181244,172844,OK
187.469,Pfusch,Tick,635,593,42,-42,149600,149800,36456,181244,172844,OK
187.766,Pfusch,Tick,635,593,42,-42,149600,150000,36456,181244,168644,OK
188.0,Pfusch,Tick,635,593,42,-42,149600,150000,36456,181244,168644,OK
188.266,Pfusch,Tick,635,593,42,-42,149500,150100,36456,181244,168644,OK
188.485,Pfusch,Tick,635,593,42,-42,149500,150100,36456,181244,168644,OK
188.782,Pfusch,Tick,635,593,42,-42,149500,150100,36456,181244,168644,OK
189.0,Pfusch,Tick,635,593,42,-42,149500,150200,36456,181244,168644,OK
189.235,Pfusch,Tick,635,593,42,-42,149500,150200,36456,181244,168644,OK
189.485,Pfusch,Tick,678,593,85,-85,150300,150200,37749,184251,192751,OK
189.704,Pfusch,Tick,678,593,85,-85,150200,150200,37749,184251,184251,OK
190.032,Pfusch,Tick,678,593,85,-85,150200,150200,37749,184251,184251,OK
190.219,Pfusch,Tick,678,593,85,-85,150200,150300,37749,184251,175751,OK
190.454,Pfusch,Tick,678,593,85,-85,150200,150300,37749,184251,175751,OK
190.766,Pfusch,Tick,678,593,85,-85,150200,150300,37749,184251,175751,OK
190.985,Pfusch,Tick,678,593,85,-85,150200,150300,37749,184251,175751,OK
191.25,Pfusch,Tick,678,593,85,-85,150200,150400,37749,184251,167251,OK
191.5,Pfusch,Tick,693,593,100,-100,150300,150700,38200,188300,158300,OK
191.782,Pfusch,Tick,693,593,100,-100,150300,150800,38200,188300,158300,OK
192.047,Pfusch,Tick,693,593,100,-100,150300,150800,38200,188300,158300,OK
192.25,Pfusch,Tick,693,593,100,-100,150200,150700,38200,188300,158300,OK
192.485,Pfusch,Tick,693,593,100,-100,150200,150700,38200,188300,158300,OK
192.797,Pfusch,Tick,693,593,100,-100,150900,150700,38200,188300,208300,OK
193.0,Pfusch,Tick,693,593,100,-100,150200,150500,38200,188300,158300,OK
193.219,Pfusch,Tick,693,593,100,-100,150200,150500,38200,188300,158300,OK
193.469,Pfusch,Tick,693,593,100,-100,150200,150500,38200,188300,158300,OK
193.704,Pfusch,Tick,693,593,100,-100,150200,150500,38200,188300,158300,OK
193.985,Pfusch,Tick,693,593,100,-100,150200,150500,38200,188300,158300,OK
194.282,Pfusch,Tick,693,593,100,-100,150200,150500,38200,188300,158300,OK
194.485,Pfusch,Tick,693,593,100,-100,150200,150500,38200,188300,158300,OK
194.75,Pfusch,Tick,693,593,100,-100,150200,150500,38200,188300,158300,OK
195.047,Pfusch,Tick,693,593,100,-100,150200,150600,38200,188300,158300,OK
195.219,Pfusch,Tick,693,593,100,-100,150200,150600,38200,188300,158300,OK
195.516,Pfusch,Tick,693,593,100,-100,150200,150600,38200,188300,158300,OK
195.75,Pfusch,Tick,693,593,100,-100,150200,150600,38200,188300,158300,OK
195.954,Pfusch,Tick,693,593,100,-100,150200,150600,38200,188300,158300,OK
196.282,Pfusch,Tick,693,593,100,-100,150200,150600,38200,188300,158300,OK
196.5,Pfusch,Tick,693,593,100,-100,149800,150600,38200,188300,158300,OK
196.797,Pfusch,Tick,693,593,100,-100,149800,150100,38200,188300,158300,OK
196.954,Pfusch,Tick,693,593,100,-100,149800,150000,38200,188300,168300,OK
197.204,Pfusch,Tick,693,593,100,-100,149800,150000,38200,188300,168300,OK
197.5,Pfusch,Tick,693,593,100,-100,149800,150000,38200,188300,168300,OK
197.797,Pfusch,Tick,693,593,100,-100,149800,149800,38200,188300,188300,OK
197.954,Pfusch,Tick,693,593,100,-100,149800,149600,38200,188300,208300,OK
198.219,Pfusch,Tick,693,593,100,-100,149800,149700,38200,188300,198300,OK
198.516,Pfusch,Tick,693,593,100,-100,149800,149500,38200,188300,208300,OK
198.766,Pfusch,Tick,693,593,100,-100,149800,149500,38200,188300,208300,OK
199.047,Pfusch,Tick,693,593,100,-100,149800,149500,38200,188300,208300,OK
199.25,Pfusch,Tick,693,593,100,-100,149800,149500,38200,188300,208300,OK
199.516,Pfusch,Tick,693,593,100,-100,149800,149500,38200,188300,208300,OK
199.704,Pfusch,Tick,693,593,100,-100,149800,149500,38200,188300,208300,OK
200.032,Pfusch,Tick,693,593,100,-100,149800,149500,38200,188300,208300,OK
